Daily Sale Monitoring Dashboard - RSO Dated 06-10-2026,,,,,,5,05/10/26,06/10/26
Section,Parameter,Unit,MS,HSD,,,,
Mkt Shr Ind,IND Abs Mkt Shr for month of Aug-26,%,36.7,37.9,,,Sales (SAP) on ,
,IND Mkt Shr for month of Aug-25,%,36.4,36.0,,,Cumulative Sales till ,
,IND Mkt Shr Gr. for month of Aug-26,%,0.3,1.9,,,,
,IND Abs Mkt Shr for month of Apr-Aug-26,%,37.4,40,,,,
,IND Mkt Shr for month of Apr Aug-25,%,36.3,36.4,,,,
,IND Mkt Shr Gr. for month of Apr Aug-25,%,1.1,3.6,,,Cumulative Sales till 28-04-26,
Mkt Shr PSU,PSU Mkt Share Gr. 1-7 Oct'26 Actual,%,,,,,Nozzle sale on,
,PSU Mkt Share Gr. 1-7 Oct'26 Prorata,%,,,,,,
,PSU Abs Mkt Shr for month of Sep-26,%,42.0,42.6,,,Daily Sale Monitoring Dashboard - RSO Dated,
,PSU Mkt Shr for month of Sep-25,%,41.0,41.8,,,Dryouts on ,
,PSU Mkt Shr Gr. for month of Sep-26,%,1,0.8,,,,
,PSU Abs Mkt Shr for month of Apr-Sep-26,%,41.4,43.6,,,,
,PSU Mkt Shr for month of Apr Sep-25,%,41.1,42.1,,,,
,PSU Mkt Shr Gr. for month of Apr Sep-25,%,0.3,1.5,,,,
Sales Performance,Sales (SAP) on  05-10-2026,KL,"2,895","10,734",,,,
,Cumulative Sales till  05-10-2026,KL,"7,506","34,667",,,,
,LY (Sep 2025) ,KL,"6,028","20,508",,,,
,Growth,%,24.5,69.0,,,,
,Growth (1-7 Sep 2026),%,94.4,89.1,,,,
,Growth (1-14 Sep 2026),%,44.4,47.7,,,,
,Growth (1-21 Sep 2026),%,26.2,24.5,,,,
,Growth (1-28 Sep 2026),%,20.1,19.2,,,,
,Nozzle sale on 05-10-2026,KL,3045,8257,,,,
Target,Base Volume for Oct-26,KL,96632,231459,,,,
,Target for Current Month,KL,105971,258654,,,,
,Target Growth for Current Month,%,9.7,11.7,,,,
,Target vs Actual,KL,10156,8442,,,,
Commissioning Upto Sep 2026,A Class IOC Month & Cumulative ,Nos.,0,0,,,,
,B Class IOC Month & Cumulative ,Nos.,0,1,,,,
,D1 Class IOC Month & Cumulative ,Nos.,1,18,,,,
,Overall IOC Month & Cumulative ,Nos.,4,36,,,,
,Overall PSU Month & Cumulative ,Nos.,8,40,,,,
Inventory,Tankage,KL,52400,70980,,,,
,Today's Inventory,%,49.3,46.9,,,,
,Inventory as on 01-08-2026,%,40.4,54.5,,,,
Dryouts,Volume Loss MS & HSD ,L,14219,0,,,,
,Dryouts on  05-10-2026,Nos.,14,0,,,,
YTS ,As on 01.04.2026,Nos.,88,,,,,
,As on 01.10.2026 ,Nos.,28,,,,,
NIL Selling ,As on 01.04.2026,Nos.,48,,,,,
,As on 01.10.2026 ,Nos.,54,,,,,
Lube Sales ,Month CY vs LY ,KL,274,319,,,,
,Cumulative CY vs LY ,KL,1320,1122,,,,
NFR Store ,As on 01.04.2026,Nos.,1262,,,,,
,As on 01.10.2026 ,Nos.,1280,,,,,
Xtrapower ,Month CY vs LY ,%,16.6,14.9,,,,
,Cumulative CY vs LY ,%,13.8,12.3,,,,