RSO Indent Report ,,,,,,,,,,,,,,,,30.09.2026,,16730,,50700,,Completed ,,,,,,,,Branded Fuel Indent,,,,
30-09-2026 13:17,,,,,,,,,,,,,,,,,,16741,,50750,,,,,,,,,,30-09-2026,,,,
DO,MS,,,,,,,HSD,,,,,,,,,,16740,,50770,,,,,,,,,,DO,Target ,XP Indent,Target ,XG Indent
,MS Target,MS Indent,Under Loading,Loading Not Started,Billed ,Gap ,MS-Daily Yesterday Sales (in KL),HSD Target,HSD Indent ,Under Loading,Loading Not Started,Billed ,Gap ,,,,,17101,,50800,,,,,,,,,,,,,,
,,,,,,,,,,,,,,,,,,,,,,,,,,,,,,,,,,
Jaipur,3900,3707,319,1491,1897,194,#REF!,4800,4558,313,1818,2427,243,,,,,17295,,50850,,,,,,,,,,Jaipur,500,189,150,0
Jodhpur,2200,2175,749,475,952,26,#REF!,5100,3784,1222,939,1624,1317,,,,,17595,,51770,,,,,,,,,,Jodhpur,160,148,120,10
Udaipur ,2500,2169,387,783,1000,331,#REF!,3800,2956,458,1067,1432,844,,,5125,,17498,,,,,,,,,,,,Udaipur ,220,124,80,0
Ajmer,2500,2031,425,755,851,469,132,3800,3622,577,1359,1686,178,,,,,,,,,,,,,,,,,Ajmer,250,77,100,0
RSO,11100,10081,1879,3504,4699,1019,#REF!,17500,14919,2569,5183,7168,2581,,,11867,,,,,,,,,,,,,,Total ,1130,538,450,10
Terminal Wise ,,,,,,,,,,,,,,,,,,,,,,,,,,,,,,,,,,
Terminal,MS Target,MS Indent ,Billed + Under Loading,Loading Not Started,,Pending Indent %,MS-Daily Yesterday Sales (in KL),HSD Target,HSD Indent ,Billed + Under Loading,Loading Not Started,,Pending Indent %,,,08-09-2026,,Target ,,,,,,,,,,,,,,,,
Jodhpur ,,2618,2085,533,,20.3,56,,4608,3453,1155,,25.1,,,,,MS ,HSD,,,,,,,,,,,,,,,
Chittorgarh,,2739,1711,1028,,37.5,,,3847,2520,1327,,34.5,,,Jaipur,,3900,4800,,,,,,,,,,,,,,,
Jaipur,,3736,2384,1353,,36.2,38,,4893,3063,1831,,37.4,,,Jodhpur,,2200,5100,,,,,,,,,,,,,,,
Bharatpur,,904,378,527,,58.2,38,,1468,663,806,,54.9,,,Udaipur ,,2500,3800,,,,,,,,,,,,,,,
RSO,,9996,6557,3440,,34.4,132,,14815,9698,5118,,34.5,,,Ajmer,,2500,3800,,,,,,,,,,,,,,,
,0,,,,,,,0,,,,,,,,RSO,,,,,,,,,,,,,,,,,,
,,,,,,,,,,,,,,,,RSO,,11100,17500,,,,,,,,,,,,,,,
,,,,,,,,,,,,,,,,,,,,,,,,,,,,,,,,,,
,,,,,,,,,,,,,,,,,,,,,,,,,,,,,,,,,,
,,,,,,,,,,,,,,,,,,,,,,,,,,,,,,,,,,
RSO Indent Report Jaipur DO,,,,,,,,,,,,,,,,RSO Indent Report Jodhpur Terminal,,,,,,,,,,,,,,,,,,
30-09-2026 13:17,,,,,,,,,,,,,,,,30-09-2026 13:17,,,,,,,,,,,,,,,,,,
SO/DO,MS,,,,,,,HSD,,,,,,,,SO/DO,MS,,,,,,,HSD,,,,,,,,,,
,Completed ,MS Indent,Under Loading,,Billed ,Gap ,MS-Daily Yesterday Sales (in KL),Completed ,HSD Indent ,Under Loading,,Billed ,Gap ,,,,MS Target,MS Indent,Completed ,Under Loading,Billed ,Gap ,MS-Daily Yesterday Sales (in KL),HSD Target,HSD Indent ,Completed ,Under Loading,Billed ,Gap ,,,,,
,,,,,,,,,,,,,,,,,,,,,,,,,,,,,,,,,,
Jaipur DO,2090,3518,,,0,,#REF!,2740,4558,,,2427,,,,Jodhpur terminal,,2463,1966,,0,,#REF!,#REF!,4598,3443,,0,,,,,,
,0,0,,,115.5,,#REF!,0,0,,,0,,,,,,0,0,,0,,#REF!,#REF!,0,0,,0,,,,,,
,0,0,,,1781.5,,#REF!,0,0,,,0,,,,,,0,0,,0,,#REF!,#REF!,0,0,,0,,,,,,
,0,0,,,0,,0,0,0,,,0,,,,,,0,0,,0,,0,0,10,10,,0,,,,,,
,0,0,,,,,,0,0,,,,,,,,,0,0,,,,,,0,0,,,,,,,,
,126,189,,,,,,0,0,,,,,,,,,155,119,,,,,,0,0,,,,,,,,
,0,0,,,,,,0,0,,,,,,,,,0,0,,,,,,0,0,,,,,,,,
,0,0,,,,,,0,,,,,,,,,,0,0,,,,,,,,,,,,,,,
Total ,2216,3707,319,,1897,,#REF!,2740,4558,313,,2427,,,,Total ,0,2618,2085,2085,0,,#REF!,#REF!,4608,3453,3453,0,,,,,,
,,,,,,,,,,,,,,,,,,,,,,,,,,,,,,,,,,
,,,,,,,,,,,,,,,,,,,,,,,,,,,,,,,,,,
RSO Indent Report Jodhpur DO,,,,,,,,,,,,,,,,RSO Indent Report Chittorgrah ,,,,,,,,,,,,,,,,,,
30-09-2026 13:17,,,,,,,,,,,,,,,,30-09-2026 13:17,,,,,,,,,,,,,,,,,,
SO/DO,MS,,,,,,,HSD,,,,,,,,SO/DO,MS,,,,,,,HSD,,,,,,,,,,
,MS Target,MS Indent,Under Loading,,Billed ,Gap ,MS-Daily Yesterday Sales (in KL),Completed ,HSD Indent ,Under Loading,,Billed ,Gap ,,,,MS Target,MS Indent,Completed ,Under Loading,Billed ,Gap ,MS-Daily Yesterday Sales (in KL),HSD Target,HSD Indent ,Completed ,Under Loading,Billed ,Gap ,,,,,
,,,,,,,,,,,,,,,,,,,,,,,,,,,,,,,,,,
Jodhpur DO,1589,2027,,,0,,#REF!,2835,3774,,,1613.5,,,,Chittorgarh Terminal,,2581,1619,,0,,#REF!,#REF!,3847,2520,,0,,,,,,
,0,0,,,56,,#REF!,0,0,,,10,,,,,,0,0,,0,,#REF!,#REF!,0,0,,0,,,,,,
,0,0,,,895.5,,#REF!,0,0,,,0,,,,,,0,0,,0,,#REF!,#REF!,0,0,,0,,,,,,
,0,0,,,0,,0,10,10,,,0,,,,,,0,0,,0,,0,0,0,0,,0,,,,,,
,0,0,,,,,,0,0,,,,,,,,,0,0,,,,,,0,0,,0,,,,,,
,111,148,,,,,,0,0,,,,,,,,,158,92,,,,,,0,0,,0,,,,,,
,0,0,,,,,,0,0,,,,,,,,,0,0,,,,,,0,0,,,,,,,,
,0,0,,,,,,0,,,,,,,,,,0,0,,,,,,,,,,,,,,,
Total ,1700,2175,749,,952,,#REF!,2845,3784,1222,,1624,,,,Total ,0,2739,1711,1711,0,,#REF!,#REF!,3847,2520,2520,0,,,,,,
,,,,,,,,,,,,,,,,,,,,,,,,,,,,,,,,,,
,,,,,,,,,,,,,,,,,,,,,,,,,,,,,,,,,,
RSO Indent Report Udaipur DO,,,,,,,,,,,,,,,,RSO Indent Report Jaipur,,,,,,,,,,,,,,,,,,
30-09-2026 13:17,,,,,,,,,,,,,,,,30-09-2026 13:17,,,,,,,,,,,,,,,,,,
SO/DO,MS,,,,,,,HSD,,,,,,,,SO/DO,MS,,,,,,,HSD,,,,,,,,,,
,MS Target,MS Indent,Under Loading,,Billed ,Gap ,MS-Daily Yesterday Sales (in KL),Completed ,HSD Indent ,Under Loading,,Billed ,Gap ,,,,MS Target,MS Indent,Completed ,Under Loading,Billed ,Gap ,MS-Daily Yesterday Sales (in KL),HSD Target,HSD Indent ,Completed ,Under Loading,Billed ,Gap ,,,,,
,,,,,,,,,,,,,,,,,,,,,,,,,,,,,,,,,,
Udaipur DO,1315,2045,,,0,,#REF!,1889,2956,,,0,,,,Jaipur Terminal,,3561,2241,,0,,#REF!,#REF!,4893,3063,,0,,,,,,
,0,0,,,58,,#REF!,0,0,,,0,,,,,,0,0,,0,,#REF!,#REF!,0,0,,0,,,,,,
,0,0,,,941.5,,#REF!,0,0,,,1432,,,,,,0,0,,0,,#REF!,#REF!,0,0,,0,,,,,,
,0,0,,,0,,0,0,0,,,0,,,,,,0,0,,0,,0,0,0,0,,0,,,,,,
,0,0,,,,,,0,0,,,0,,,,,,0,0,,,,,,0,0,,,,,,,,
,71,124,,,,,,0,0,,,0,,,,,,175,143,,,,,,0,0,,,,,,,,
,0,0,,,,,,0,0,,,,,,,,,0,0,,,,,,0,0,,,,,,,,
,0,0,,,,,,0,,,,,,,,,,0,0,,,,,,,,,,,,,,,
Total ,1386,2169,387,,1000,,#REF!,1889,2956,458,,1432,,,,Total ,0,3736,2384,2384,0,,#REF!,#REF!,4893,3063,3063,0,,,,,,
,,,,,,,,,,,,,,,,,,,,,,,,,,,,,,,,,,
,,,,,,,,,,,,,,,,,,,,,,,,,,,,,,,,,,
RSO Indent Report Ajmer DO,,,,,,,,,,,,,,,,RSO Indent Report Bharatpur,,,,,,,,,,,,,,,,,,
30-09-2026 13:17,,,,,,,,,,,,,,,,30-09-2026 13:17,,,,,,,,,,,,,,,,,,
SO/DO,MS,,,,,,,HSD,,,,,,,,SO/DO,MS,,,,,,,HSD,,,,,,,,,,
,MS Target,MS Indent,Under Loading,,Billed ,Gap ,MS-Daily Yesterday Sales (in KL),Completed ,HSD Indent ,Under Loading,,Billed ,Gap ,,,,MS Target,MS Indent,Completed ,Under Loading,Billed ,Gap ,MS-Daily Yesterday Sales (in KL),HSD Target,HSD Indent ,Completed ,,Billed ,Gap ,,,,,
,,,,,,,,,,,,,,,,,,,,,,,,,,,,,,,,,,
Ajmer DO,1220,1954,,,0,,#REF!,2263,3622,,,1686,,,,Bharatpur Terminal,,867,368,,0,,#REF!,#REF!,1468,663,,0,,,,,,
,0,0,,,37,,#REF!,0,0,,,0,,,,,,0,0,,0,,#REF!,#REF!,0,0,,0,,,,,,
,0,0,,,814,,#REF!,0,0,,,0,,,,,,0,0,,0,,#REF!,#REF!,0,0,,,,,,,,
,0,0,,,0,,#REF!,0,0,,,0,,,,,,0,0,,,,0,0,0,0,,,,,,,,
,0,0,,,,,,0,0,,,0,,,,,,0,0,,,,,,0,0,,,,,,,,
,56,77,,,,,,0,0,,,0,,,,,,37,10,,,,,,0,0,,,,,,,,
,0,0,,,,,,0,0,,,,,,,,,0,0,,,,,,0,0,,,,,,,,
,0,0,,,,,,0,,,,,,,,,,0,0,,,,,,,,,,,,,,,
Total ,1276,2031,425,,851,,#REF!,2263,3622,577,,1686,,,,Total ,0,904,378,378,0,,#REF!,#REF!,1468,663,663,0,,,,,,
,,,,,,,,,,,,,,,,,,,,,,,,,,,,,,,,,,
,,,,,,,,,,,,,,,,,,,,,,,,,,,,,,,,,,
,,,,,,,,9737,14919,,,,,,,,,,,,,,,,14815,9698,,,,,,,,
,,,,,,,,,,,,,,,,,,,,,,,,,,,,,,,,,,
,,,,,,,,,,,,,,,,,,,,,,,,,,,,,,,,,,
,,,,,,,,,,,,,,,,,,,,,,,,,,,,,,,,,,
,,,,,,,,,,,,,,,,,,,,,,,,,,,,,,,,,,
,,,,,,,,,,,,,,,,,,,,,,,,,,,,,,,,,,
,,,,,,,,,,,,,,,,,,,,,,,,,,,,,,,,,,
,,,,,,,,,,,,,,,,,,,,,,,,,,,,,,,,,,
,,,,,,,,,,,,,,,,,,,,,,,,,,,,,,,,,,
,,,,,,,,,,,,,,,,,,,,,,,,,,,,,,,,,,
,,,,,,,,,,,,,,,,,,,,,,,,,,,,,,,,,,
,,,,,,,,,,,,,,,,,,,,,,,,,,,,,,,,,,
,,,,,,,,,,,,,,,,,,,,,,,,,,,,,,,,,,
,,,,,,,,,,,,,,,,,,,,,,,,,,,,,,,,,,
,,,,,,,,,,,,,,,,,,,,,,,,,,,,,,,,,,
,,,,,,,,,,,,,,,,,,,,,,,,,,,,,,,,,,
,,,,,,,,,,,,,,,,,,,,,,,,,,,,,,,,,,
,,,,,,,,,,,,,,,,,,,,,,,,,,,,,,,,,,
,,,,,,,,,,,,,,,,,,,,,,,,,,,,,,,,,,
,,,,,,,,,,,,,,,,,,,,,,,,,,,,,,,,,,
,,,,,,,,,,,,,,,,,,,,,,,,,,,,,,,,,,
,,,,,,,,,,,,,,,,,,,,,,,,,,,,,,,,,,
,,,,,,,,,,,,,,,,,,,,,,,,,,,,,,,,,,
,,,,,,,,,,,,,,,,,,,,,,,,,,,,,,,,,,
,,,,,,,,,,,,,,,,,,,,,,,,,,,,,,,,,,
,,,,,,,,,,,,,,,,,,,,,,,,,,,,,,,,,,
,,,,,,,,,,,,,,,,,,,,,,,,,,,,,,,,,,
,,,,,,,,,,,,,,,,,,,,,,,,,,,,,,,,,,
,,,,,,,,,,,,,,,,,,,,,,,,,,,,,,,,,,
,,,,,,,,,,,,,,,,,,,,,,,,,,,,,,,,,,
,,,,,,,,,,,,,,,,,,,,,,,,,,,,,,,,,,
,,,,,,,,,,,,,,,,,,,,,,,,,,,,,,,,,,
,,,,,,,,,,,,,,,,,,,,,,,,,,,,,,,,,,
,,,,,,,,,,,,,,,,,,,,,,,,,,,,,,,,,,
,,,,,,,,,,,,,,,,,,,,,,,,,,,,,,,,,,
,,,,,,,,,,,,,,,,,,,,,,,,,,,,,,,,,,
,,,,,,,,,,,,,,,,,,,,,,,,,,,,,,,,,,
,,,,,,,,,,,,,,,,,,,,,,,,,,,,,,,,,,
,,,,,,,,,,,,,,,,,,,,,,,,,,,,,,,,,,
,,,,,,,,,,,,,,,,,,,,,,,,,,,,,,,,,,
,,,,,,,,,,,,,,,,,,,,,,,,,,,,,,,,,,
,,,,,,,,,,,,,,,,,,,,,,,,,,,,,,,,,,
,,,,,,,,,,,,,,,,,,,,,,,,,,,,,,,,,,
,,,,,,,,,,,,,,,,,,,,,,,,,,,,,,,,,,
,,,,,,,,,,,,,,,,,,,,,,,,,,,,,,,,,,
,,,,,,,,,,,,,,,,,,,,,,,,,,,,,,,,,,
,,,,,,,,,,,,,,,,,,,,,,,,,,,,,,,,,,
,,,,,,,,,,,,,,,,,,,,,,,,,,,,,,,,,,
,,,,,,,,,,,,,,,,,,,,,,,,,,,,,,,,,,
,,,,,,,,,,,,,,,,,,,,,,,,,,,,,,,,,,
,,,,,,,,,,,,,,,,,,,,,,,,,,,,,,,,,,
,,,,,,,,,,,,,,,,,,,,,,,,,,,,,,,,,,
,,,,,,,,,,,,,,,,,,,,,,,,,,,,,,,,,,
,,,,,,,,,,,,,,,,,,,,,,,,,,,,,,,,,,
,,,,,,,,,,,,,,,,,,,,,,,,,,,,,,,,,,
,,,,,,,,,,,,,,,,,,,,,,,,,,,,,,,,,,
,,,,,,,,,,,,,,,,,,,,,,,,,,,,,,,,,,
,,,,,,,,,,,,,,,,,,,,,,,,,,,,,,,,,,
,,,,,,,,,,,,,,,,,,,,,,,,,,,,,,,,,,
,,,,,,,,,,,,,,,,,,,,,,,,,,,,,,,,,,
,,,,,,,,,,,,,,,,,,,,,,,,,,,,,,,,,,
,,,,,,,,,,,,,,,,,,,,,,,,,,,,,,,,,,
,,,,,,,,,,,,,,,,,,,,,,,,,,,,,,,,,,
,,,,,,,,,,,,,,,,,,,,,,,,,,,,,,,,,,
,,,,,,,,,,,,,,,,,,,,,,,,,,,,,,,,,,
,,,,,,,,,,,,,,,,,,,,,,,,,,,,,,,,,,
,,,,,,,,,,,,,,,,,,,,,,,,,,,,,,,,,,
,,,,,,,,,,,,,,,,,,,,,,,,,,,,,,,,,,
,,,,,,,,,,,,,,,,,,,,,,,,,,,,,,,,,,
,,,,,,,,,,,,,,,,,,,,,,,,,,,,,,,,,,
,,,,,,,,,,,,,,,,,,,,,,,,,,,,,,,,,,
,,,,,,,,,,,,,,,,,,,,,,,,,,,,,,,,,,
,,,,,,,,,,,,,,,,,,,,,,,,,,,,,,,,,,
,,,,,,,,,,,,,,,,,,,,,,,,,,,,,,,,,,
,,,,,,,,,,,,,,,,,,,,,,,,,,,,,,,,,,
,,,,,,,,,,,,,,,,,,,,,,,,,,,,,,,,,,
,,,,,,,,,,,,,,,,,,,,,,,,,,,,,,,,,,
,,,,,,,,,,,,,,,,,,,,,,,,,,,,,,,,,,
,,,,,,,,,,,,,,,,,,,,,,,,,,,,,,,,,,
,,,,,,,,,,,,,,,,,,,,,,,,,,,,,,,,,,
,,,,,,,,,,,,,,,,,,,,,,,,,,,,,,,,,,
,,,,,,,,,,,,,,,,,,,,,,,,,,,,,,,,,,
,,,,,,,,,,,,,,,,,,,,,,,,,,,,,,,,,,
,,,,,,,,,,,,,,,,,,,,,,,,,,,,,,,,,,
,,,,,,,,,,,,,,,,,,,,,,,,,,,,,,,,,,
,,,,,,,,,,,,,,,,,,,,,,,,,,,,,,,,,,
,,,,,,,,,,,,,,,,,,,,,,,,,,,,,,,,,,
,,,,,,,,,,,,,,,,,,,,,,,,,,,,,,,,,,
,,,,,,,,,,,,,,,,,,,,,,,,,,,,,,,,,,
,,,,,,,,,,,,,,,,,,,,,,,,,,,,,,,,,,
,,,,,,,,,,,,,,,,,,,,,,,,,,,,,,,,,,
,,,,,,,,,,,,,,,,,,,,,,,,,,,,,,,,,,
,,,,,,,,,,,,,,,,,,,,,,,,,,,,,,,,,,
,,,,,,,,,,,,,,,,,,,,,,,,,,,,,,,,,,
,,,,,,,,,,,,,,,,,,,,,,,,,,,,,,,,,,
,,,,,,,,,,,,,,,,,,,,,,,,,,,,,,,,,,
,,,,,,,,,,,,,,,,,,,,,,,,,,,,,,,,,,
,,,,,,,,,,,,,,,,,,,,,,,,,,,,,,,,,,
,,,,,,,,,,,,,,,,,,,,,,,,,,,,,,,,,,
,,,,,,,,,,,,,,,,,,,,,,,,,,,,,,,,,,
,,,,,,,,,,,,,,,,,,,,,,,,,,,,,,,,,,
,,,,,,,,,,,,,,,,,,,,,,,,,,,,,,,,,,
,,,,,,,,,,,,,,,,,,,,,,,,,,,,,,,,,,
,,,,,,,,,,,,,,,,,,,,,,,,,,,,,,,,,,
,,,,,,,,,,,,,,,,,,,,,,,,,,,,,,,,,,
,,,,,,,,,,,,,,,,,,,,,,,,,,,,,,,,,,
,,,,,,,,,,,,,,,,,,,,,,,,,,,,,,,,,,
,,,,,,,,,,,,,,,,,,,,,,,,,,,,,,,,,,
,,,,,,,,,,,,,,,,,,,,,,,,,,,,,,,,,,
,,,,,,,,,,,,,,,,,,,,,,,,,,,,,,,,,,
,,,,,,,,,,,,,,,,,,,,,,,,,,,,,,,,,,
,,,,,,,,,,,,,,,,,,,,,,,,,,,,,,,,,,
,,,,,,,,,,,,,,,,,,,,,,,,,,,,,,,,,,
,,,,,,,,,,,,,,,,,,,,,,,,,,,,,,,,,,
,,,,,,,,,,,,,,,,,,,,,,,,,,,,,,,,,,
,,,,,,,,,,,,,,,,,,,,,,,,,,,,,,,,,,
,,,,,,,,,,,,,,,,,,,,,,,,,,,,,,,,,,
,,,,,,,,,,,,,,,,,,,,,,,,,,,,,,,,,,
,,,,,,,,,,,,,,,,,,,,,,,,,,,,,,,,,,
,,,,,,,,,,,,,,,,,,,,,,,,,,,,,,,,,,
,,,,,,,,,,,,,,,,,,,,,,,,,,,,,,,,,,
,,,,,,,,,,,,,,,,,,,,,,,,,,,,,,,,,,
,,,,,,,,,,,,,,,,,,,,,,,,,,,,,,,,,,
,,,,,,,,,,,,,,,,,,,,,,,,,,,,,,,,,,
,,,,,,,,,,,,,,,,,,,,,,,,,,,,,,,,,,
,,,,,,,,,,,,,,,,,,,,,,,,,,,,,,,,,,
,,,,,,,,,,,,,,,,,,,,,,,,,,,,,,,,,,
,,,,,,,,,,,,,,,,,,,,,,,,,,,,,,,,,,
,,,,,,,,,,,,,,,,,,,,,,,,,,,,,,,,,,
,,,,,,,,,,,,,,,,,,,,,,,,,,,,,,,,,,
,,,,,,,,,,,,,,,,,,,,,,,,,,,,,,,,,,
,,,,,,,,,,,,,,,,,,,,,,,,,,,,,,,,,,
,,,,,,,,,,,,,,,,,,,,,,,,,,,,,,,,,,
,,,,,,,,,,,,,,,,,,,,,,,,,,,,,,,,,,
,,,,,,,,,,,,,,,,,,,,,,,,,,,,,,,,,,
,,,,,,,,,,,,,,,,,,,,,,,,,,,,,,,,,,
,,,,,,,,,,,,,,,,,,,,,,,,,,,,,,,,,,
,,,,,,,,,,,,,,,,,,,,,,,,,,,,,,,,,,
,,,,,,,,,,,,,,,,,,,,,,,,,,,,,,,,,,
,,,,,,,,,,,,,,,,,,,,,,,,,,,,,,,,,,
,,,,,,,,,,,,,,,,,,,,,,,,,,,,,,,,,,
,,,,,,,,,,,,,,,,,,,,,,,,,,,,,,,,,,
,,,,,,,,,,,,,,,,,,,,,,,,,,,,,,,,,,
,,,,,,,,,,,,,,,,,,,,,,,,,,,,,,,,,,
,,,,,,,,,,,,,,,,,,,,,,,,,,,,,,,,,,
,,,,,,,,,,,,,,,,,,,,,,,,,,,,,,,,,,
,,,,,,,,,,,,,,,,,,,,,,,,,,,,,,,,,,
,,,,,,,,,,,,,,,,,,,,,,,,,,,,,,,,,,
,,,,,,,,,,,,,,,,,,,,,,,,,,,,,,,,,,
,,,,,,,,,,,,,,,,,,,,,,,,,,,,,,,,,,
,,,,,,,,,,,,,,,,,,,,,,,,,,,,,,,,,,
,,,,,,,,,,,,,,,,,,,,,,,,,,,,,,,,,,
,,,,,,,,,,,,,,,,,,,,,,,,,,,,,,,,,,
,,,,,,,,,,,,,,,,,,,,,,,,,,,,,,,,,,
,,,,,,,,,,,,,,,,,,,,,,,,,,,,,,,,,,
,,,,,,,,,,,,,,,,,,,,,,,,,,,,,,,,,,
,,,,,,,,,,,,,,,,,,,,,,,,,,,,,,,,,,
,,,,,,,,,,,,,,,,,,,,,,,,,,,,,,,,,,
,,,,,,,,,,,,,,,,,,,,,,,,,,,,,,,,,,
,,,,,,,,,,,,,,,,,,,,,,,,,,,,,,,,,,
,,,,,,,,,,,,,,,,,,,,,,,,,,,,,,,,,,
,,,,,,,,,,,,,,,,,,,,,,,,,,,,,,,,,,
,,,,,,,,,,,,,,,,,,,,,,,,,,,,,,,,,,
,,,,,,,,,,,,,,,,,,,,,,,,,,,,,,,,,,
,,,,,,,,,,,,,,,,,,,,,,,,,,,,,,,,,,
,,,,,,,,,,,,,,,,,,,,,,,,,,,,,,,,,,
,,,,,,,,,,,,,,,,,,,,,,,,,,,,,,,,,,
,,,,,,,,,,,,,,,,,,,,,,,,,,,,,,,,,,
,,,,,,,,,,,,,,,,,,,,,,,,,,,,,,,,,,
,,,,,,,,,,,,,,,,,,,,,,,,,,,,,,,,,,
,,,,,,,,,,,,,,,,,,,,,,,,,,,,,,,,,,
,,,,,,,,,,,,,,,,,,,,,,,,,,,,,,,,,,
,,,,,,,,,,,,,,,,,,,,,,,,,,,,,,,,,,
,,,,,,,,,,,,,,,,,,,,,,,,,,,,,,,,,,
,,,,,,,,,,,,,,,,,,,,,,,,,,,,,,,,,,
,,,,,,,,,,,,,,,,,,,,,,,,,,,,,,,,,,
,,,,,,,,,,,,,,,,,,,,,,,,,,,,,,,,,,
,,,,,,,,,,,,,,,,,,,,,,,,,,,,,,,,,,
,,,,,,,,,,,,,,,,,,,,,,,,,,,,,,,,,,
,,,,,,,,,,,,,,,,,,,,,,,,,,,,,,,,,,
,,,,,,,,,,,,,,,,,,,,,,,,,,,,,,,,,,
,,,,,,,,,,,,,,,,,,,,,,,,,,,,,,,,,,
,,,,,,,,,,,,,,,,,,,,,,,,,,,,,,,,,,
,,,,,,,,,,,,,,,,,,,,,,,,,,,,,,,,,,
,,,,,,,,,,,,,,,,,,,,,,,,,,,,,,,,,,
,,,,,,,,,,,,,,,,,,,,,,,,,,,,,,,,,,
,,,,,,,,,,,,,,,,,,,,,,,,,,,,,,,,,,
,,,,,,,,,,,,,,,,,,,,,,,,,,,,,,,,,,
,,,,,,,,,,,,,,,,,,,,,,,,,,,,,,,,,,
,,,,,,,,,,,,,,,,,,,,,,,,,,,,,,,,,,
,,,,,,,,,,,,,,,,,,,,,,,,,,,,,,,,,,
,,,,,,,,,,,,,,,,,,,,,,,,,,,,,,,,,,
,,,,,,,,,,,,,,,,,,,,,,,,,,,,,,,,,,
,,,,,,,,,,,,,,,,,,,,,,,,,,,,,,,,,,
,,,,,,,,,,,,,,,,,,,,,,,,,,,,,,,,,,
,,,,,,,,,,,,,,,,,,,,,,,,,,,,,,,,,,
,,,,,,,,,,,,,,,,,,,,,,,,,,,,,,,,,,
,,,,,,,,,,,,,,,,,,,,,,,,,,,,,,,,,,
,,,,,,,,,,,,,,,,,,,,,,,,,,,,,,,,,,
,,,,,,,,,,,,,,,,,,,,,,,,,,,,,,,,,,
,,,,,,,,,,,,,,,,,,,,,,,,,,,,,,,,,,
,,,,,,,,,,,,,,,,,,,,,,,,,,,,,,,,,,
,,,,,,,,,,,,,,,,,,,,,,,,,,,,,,,,,,
,,,,,,,,,,,,,,,,,,,,,,,,,,,,,,,,,,
,,,,,,,,,,,,,,,,,,,,,,,,,,,,,,,,,,
,,,,,,,,,,,,,,,,,,,,,,,,,,,,,,,,,,
,,,,,,,,,,,,,,,,,,,,,,,,,,,,,,,,,,
,,,,,,,,,,,,,,,,,,,,,,,,,,,,,,,,,,
,,,,,,,,,,,,,,,,,,,,,,,,,,,,,,,,,,
,,,,,,,,,,,,,,,,,,,,,,,,,,,,,,,,,,
,,,,,,,,,,,,,,,,,,,,,,,,,,,,,,,,,,
,,,,,,,,,,,,,,,,,,,,,,,,,,,,,,,,,,
,,,,,,,,,,,,,,,,,,,,,,,,,,,,,,,,,,
,,,,,,,,,,,,,,,,,,,,,,,,,,,,,,,,,,
,,,,,,,,,,,,,,,,,,,,,,,,,,,,,,,,,,
,,,,,,,,,,,,,,,,,,,,,,,,,,,,,,,,,,
,,,,,,,,,,,,,,,,,,,,,,,,,,,,,,,,,,
,,,,,,,,,,,,,,,,,,,,,,,,,,,,,,,,,,
,,,,,,,,,,,,,,,,,,,,,,,,,,,,,,,,,,
,,,,,,,,,,,,,,,,,,,,,,,,,,,,,,,,,,
,,,,,,,,,,,,,,,,,,,,,,,,,,,,,,,,,,
,,,,,,,,,,,,,,,,,,,,,,,,,,,,,,,,,,
,,,,,,,,,,,,,,,,,,,,,,,,,,,,,,,,,,
,,,,,,,,,,,,,,,,,,,,,,,,,,,,,,,,,,
,,,,,,,,,,,,,,,,,,,,,,,,,,,,,,,,,,
,,,,,,,,,,,,,,,,,,,,,,,,,,,,,,,,,,
,,,,,,,,,,,,,,,,,,,,,,,,,,,,,,,,,,
,,,,,,,,,,,,,,,,,,,,,,,,,,,,,,,,,,
,,,,,,,,,,,,,,,,,,,,,,,,,,,,,,,,,,
,,,,,,,,,,,,,,,,,,,,,,,,,,,,,,,,,,
,,,,,,,,,,,,,,,,,,,,,,,,,,,,,,,,,,
,,,,,,,,,,,,,,,,,,,,,,,,,,,,,,,,,,
,,,,,,,,,,,,,,,,,,,,,,,,,,,,,,,,,,
,,,,,,,,,,,,,,,,,,,,,,,,,,,,,,,,,,
,,,,,,,,,,,,,,,,,,,,,,,,,,,,,,,,,,
,,,,,,,,,,,,,,,,,,,,,,,,,,,,,,,,,,
,,,,,,,,,,,,,,,,,,,,,,,,,,,,,,,,,,
,,,,,,,,,,,,,,,,,,,,,,,,,,,,,,,,,,
,,,,,,,,,,,,,,,,,,,,,,,,,,,,,,,,,,
,,,,,,,,,,,,,,,,,,,,,,,,,,,,,,,,,,
,,,,,,,,,,,,,,,,,,,,,,,,,,,,,,,,,,
,,,,,,,,,,,,,,,,,,,,,,,,,,,,,,,,,,
,,,,,,,,,,,,,,,,,,,,,,,,,,,,,,,,,,
,,,,,,,,,,,,,,,,,,,,,,,,,,,,,,,,,,
,,,,,,,,,,,,,,,,,,,,,,,,,,,,,,,,,,
,,,,,,,,,,,,,,,,,,,,,,,,,,,,,,,,,,
,,,,,,,,,,,,,,,,,,,,,,,,,,,,,,,,,,
,,,,,,,,,,,,,,,,,,,,,,,,,,,,,,,,,,
,,,,,,,,,,,,,,,,,,,,,,,,,,,,,,,,,,
,,,,,,,,,,,,,,,,,,,,,,,,,,,,,,,,,,
,,,,,,,,,,,,,,,,,,,,,,,,,,,,,,,,,,
,,,,,,,,,,,,,,,,,,,,,,,,,,,,,,,,,,
,,,,,,,,,,,,,,,,,,,,,,,,,,,,,,,,,,
,,,,,,,,,,,,,,,,,,,,,,,,,,,,,,,,,,
,,,,,,,,,,,,,,,,,,,,,,,,,,,,,,,,,,
,,,,,,,,,,,,,,,,,,,,,,,,,,,,,,,,,,
,,,,,,,,,,,,,,,,,,,,,,,,,,,,,,,,,,
,,,,,,,,,,,,,,,,,,,,,,,,,,,,,,,,,,
,,,,,,,,,,,,,,,,,,,,,,,,,,,,,,,,,,
,,,,,,,,,,,,,,,,,,,,,,,,,,,,,,,,,,
,,,,,,,,,,,,,,,,,,,,,,,,,,,,,,,,,,
,,,,,,,,,,,,,,,,,,,,,,,,,,,,,,,,,,
,,,,,,,,,,,,,,,,,,,,,,,,,,,,,,,,,,
,,,,,,,,,,,,,,,,,,,,,,,,,,,,,,,,,,
,,,,,,,,,,,,,,,,,,,,,,,,,,,,,,,,,,
,,,,,,,,,,,,,,,,,,,,,,,,,,,,,,,,,,
